     Depth;ArrivalTime1_Manual;ArrivalTime2_Manual;ArrivalTime3_Manual
3.7;228.235;245.176;269.176
3.72;227.294;241.176;266.824
3.74;221.882;236.471;264.941
3.76;223.765;242.588;270.824
3.78;226.824;248.471;276.941
3.8;227.294;248.941;273.176
3.82;227.765;245.176;268.235
3.84;228.235;244.706;265.882
3.86;227.294;240.235;268.706
3.88;220.471;240.235;271.294
3.9;221.412;248;271.765
3.92;220.471;242.588;270.353
3.94;220.471;239.294;270.353
3.96;222.353;239.294;269.176
3.98;226.353;239.765;273.647
4;227.765;249.412;275.059
4.02;226.824;251.294;276.941
4.04;225.412;245.176;276.941
4.06;227.294;248;276
4.08;231.529;247.529;276.471
4.1;232;248;274.118
4.12;227.294;246.588;272.706
4.14;227.765;247.059;271.765
4.16;227.294;245.176;272.706
4.18;226.353;258.588;275.529
4.2;232.471;264.471;275.529
4.22;231.529;251.765;275.529
4.24;225.412;248.471;272.235
4.26;220.941;249.412;268.706
4.28;225.412;247.529;272.706
4.3;228.706;249.412;274.588
4.32;230.588;251.765;274.588
4.34;232;254.353;278.824
4.36;233.412;259.529;280.471
4.38;234.588;256.235;280.941
4.4;235.529;255.294;280.941
4.42;233.882;254.353;280.941
4.44;231.059;254.353;280.471
4.46;230.118;254.824;278.353
4.48;228.235;250.353;274.588
4.5;226.353;250.353;273.176
4.52;225.412;250.353;271.765
4.54;222.353;248;270.353
4.56;221.412;245.176;268.235
4.58;223.765;244.706;269.647
4.6;226.824;245.176;268.706
4.62;226.824;243.765;268.235
4.64;226.353;244.235;268.235
4.66;226.824;245.647;272.706
4.68;226.824;247.529;274.118
4.7;229.647;245.647;271.765
4.72;220.471;241.647;269.176
4.74;220;236.471;267.294
4.76;219.059;243.294;269.176
4.78;222.824;249.882;275.529
4.8;230.118;249.882;270.824
4.82;228.706;246.588;269.176
4.84;225.882;240.235;267.294
4.86;221.882;248.471;268.706
4.88;220;238.824;272.235
4.9;222.353;246.118;270.824
4.92;223.294;243.765;269.647
4.94;223.294;243.294;269.647
4.96;219.529;244.235;269.647
4.98;217.176;244.706;269.647
5;222.353;243.765;271.294
5.02;222.353;242.588;271.294
5.04;223.294;241.176;270.353
5.06;223.294;240.235;268.706
5.08;223.294;238.353;265.412
5.1;218.588;238.353;269.176
5.12;217.176;237.412;267.765
5.14;222.353;244.706;267.765
5.16;221.882;238.353;268.235
5.18;220.471;234.588;268.235
5.2;221.412;244.235;270.824
5.22;221.882;244.706;272.706
5.24;222.353;243.765;268.706
5.26;218.118;246.118;270.353
5.28;224.235;246.588;271.294
5.3;228.235;245.647;272.235
5.32;232.941;248;273.647
5.34;234.588;257.647;280
5.36;232;259.529;280
5.38;230.118;257.647;277.882
5.4;229.647;253.412;277.412
5.42;232;252.471;280.471
5.44;232;251.765;280.471
5.46;232;251.765;277.882
5.48;231.529;255.765;273.176
5.5;236.471;255.765;273.176
5.52;232;254.353;274.588
5.54;229.176;252.471;274.118
5.56;226.353;248;273.647
5.58;225.412;246.588;275.059
5.6;227.294;246.588;276.471
5.62;225.882;247.059;270.824
5.64;225.882;243.765;266.824
5.66;225.882;238.824;274.118
5.68;227.294;260.471;272.235
5.7;231.529;249.882;273.176
5.72;222.353;243.294;268.706
5.74;225.882;238.353;261.647
5.76;221.882;239.294;269.176
5.78;223.765;250.353;272.706
5.8;226.824;257.647;272.235
5.82;225.412;254.353;272.235
5.84;225.412;247.529;272.235
5.86;225.412;247.529;271.765
5.88;221.882;248.471;272.235
5.9;227.294;251.294;272.235
5.92;228.706;248;270.824
5.94;226.353;248.471;270.824
5.96;225.882;249.412;272.235
5.98;226.353;241.176;274.118
6;228.235;243.765;273.647
6.02;227.765;247.059;273.647
6.04;225.882;245.176;274.118
6.06;223.294;248.941;268.706
6.08;221.412;241.176;264.471
6.1;220;237.412;265.412
6.12;218.588;239.294;265.412
6.14;220;243.294;268.235
6.16;219.529;241.176;268.235
6.18;222.824;241.176;269.176
6.2;222.824;247.529;270.824
6.22;222.353;245.176;268.706
6.24;224.235;244.235;268.706
6.26;230.588;245.647;268.235
6.28;229.176;247.059;271.294
6.3;229.647;247.529;270.824
6.32;225.412;244.235;269.176
6.34;227.294;248;270.353
6.36;226.353;256.706;273.176
6.38;229.647;253.882;276
6.4;225.412;248;275.529
6.42;231.059;248.471;276.471
6.44;231.059;245.647;272.706
6.46;229.647;248.471;271.765
6.48;227.765;248.941;271.765
6.5;229.647;247.529;274.118
6.52;229.647;243.765;274.588
6.54;226.824;248;270.824
6.56;227.765;248.471;268.235
6.58;227.294;248.941;272.235
6.6;226.353;246.118;273.176
6.62;225.882;246.588;271.294
6.64;229.176;244.235;272.706
6.66;229.176;246.588;272.706
6.68;229.176;248;272.706
6.7;229.176;249.412;271.294
6.72;228.235;249.882;271.294
6.74;225.412;246.118;271.765
6.76;227.765;249.412;274.118
6.78;230.588;251.294;276.941
6.8;228.706;250.824;278.824
6.82;228.706;249.412;277.412
6.84;227.294;248.941;272.706
6.86;226.824;244.235;272.706
6.88;223.765;253.882;272.706
6.9;224.706;250.824;272.706
6.92;227.765;250.824;274.118
6.94;226.824;245.647;275.529
6.96;225.882;245.647;276
6.98;223.765;245.647;276
7;228.235;246.118;273.176
7.02;229.176;247.059;272.706
7.04;228.235;249.412;268.706
7.06;227.294;243.765;274.588
7.08;226.824;249.412;271.765
7.1;224.235;244.235;270.353
7.12;222.353;240.706;267.765
7.14;222.353;239.765;267.765
7.16;224.235;239.765;268.706
7.18;221.882;239.765;260.941
7.2;225.882;237.882;254.706
7.22;227.294;255.765;273.176
7.24;224.706;248.941;265.412
7.26;223.294;247.529;270.824
7.28;219.059;242.588;268.706
7.3;219.059;241.647;267.294
7.32;226.824;245.647;269.647
7.34;230.588;251.294;274.588
7.36;233.882;258.118;277.412
7.38;232.941;258.118;278.353
7.4;228.706;249.882;273.647
7.42;231.059;252.941;274.118
7.44;230.118;253.412;275.059
7.46;229.176;250.353;275.059
7.48;230.588;250.353;274.118
7.5;230.118;249.412;271.765
7.52;226.353;248.941;270.353
7.54;227.294;245.647;270.353
7.56;230.118;246.588;269.647
7.58;230.118;248.471;269.647
7.6;223.765;248.471;272.235
7.62;224.235;246.118;272.235
7.64;223.765;242.588;266.353
7.66;226.353;242.588;264.941
7.68;221.412;241.176;271.765
7.7;229.176;249.882;271.294
7.72;225.412;247.059;265.412
7.74;220.941;237.882;260
7.76;216.235;236.941;262.118
7.78;226.824;245.176;267.294
7.8;226.824;251.294;273.176
7.82;228.824;254.824;273.647
7.84;226.618;249.882;268.706
7.86;225.412;240.706;267.294
7.88;223.294;239.294;271.765
7.9;221.412;245.647;272.235
7.92;222.824;250.353;274.588
7.94;223.765;244.706;274.588
7.96;223.765;244.706;273.647
7.98;226.353;244.235;273.647
8;227.294;244.235;276
8.02;231.529;248.941;276.471
8.04;230.588;249.882;276.941
8.06;227.294;249.882;276
8.08;229.176;249.882;266.824
8.1;222.353;248;264
8.12;219.059;241.176;264
8.14;217.647;236.941;264.941
8.16;224.235;243.765;265.412
8.18;223.765;241.176;262.588
8.2;220;241.176;269.647
8.22;225.412;244.118;270.824
8.24;225.412;238.382;269.176
8.26;223.294;233.971;263.529
8.28;217.647;232.941;263.059
8.3;220.471;242.588;268.706
8.32;223.294;242.588;270.353
8.34;228.235;246.588;268.706
8.36;236.941;248.471;271.294
8.38;236.941;257.647;276
8.4;230.588;258.118;276
8.42;229.176;249.882;275.529
8.44;229.176;249.882;275.059
8.46;229.647;249.882;274.588
8.48;228.235;249.882;276
8.5;227.765;249.882;276.941
8.52;225.412;248.471;275.529
8.54;225.882;248.471;275.529
8.56;224.235;248.941;273.176
8.58;224.235;247.529;271.765
8.6;224.235;246.588;270.824
8.62;224.706;246.118;270.353
8.64;227.294;245.647;269.647
8.66;226.353;245.176;269.647
8.68;231.529;254.353;273.176
8.7;233.882;255.294;274.118
8.72;229.176;248.941;269.176
8.74;224.235;241.647;264.941
8.76;217.176;238.824;264.471
8.78;222.353;248.471;268.235
8.8;230.118;252.471;278.824
8.82;229.176;253.882;277.412
8.84;226.824;256.235;269.176
8.86;224.706;246.118;269.176
8.88;226.824;246.588;272.235
8.9;224.706;246.118;273.647
8.92;223.765;245.647;271.765
8.94;229.176;247.059;270.824
8.96;229.647;247.059;270.824
8.98;228.235;246.118;270.353
9;227.294;243.294;275.529
9.02;227.294;245.647;271.765
9.04;229.176;251.294;272.706
9.06;229.176;250.353;275.059
9.08;227.294;249.882;274.118
9.1;222.824;246.588;270.824
9.12;220.471;240.235;266.824
9.14;222.353;236.941;268.706
9.16;222.824;238.824;269.176
9.18;222.353;243.765;270.353
9.2;222.353;243.765;270.353
9.22;222.353;235.059;270.824
9.24;225.882;250.824;271.294
9.26;222.824;244.235;270.353
9.28;221.412;242.588;269.647
9.3;221.412;243.765;272.235
9.32;224.706;244.706;273.647
9.34;226.824;246.118;274.118
9.36;229.647;249.882;276
9.38;230.588;256.706;277.412
9.4;229.647;255.294;276.941
9.42;229.176;252.941;275.059
9.44;230.118;251.294;275.059
9.46;229.176;249.882;274.588
9.48;228.706;249.412;273.647
9.5;223.294;249.882;273.176
9.52;222.353;248.471;272.235
9.54;222.353;247.059;268.235
9.56;221.412;245.176;268.235
9.58;221.412;244.235;267.765
9.6;220.941;244.706;267.294
9.62;222.353;247.059;267.765
9.64;226.353;246.588;264.471
9.66;225.882;242.588;261.647
9.68;223.765;243.294;269.176
9.7;222.353;248.941;271.765
9.72;222.824;244.235;267.294
9.74;223.294;241.176;259.059
9.76;211.765;233.882;259.059
9.78;211.294;233.882;262.588
9.8;216.706;237.412;268.235
9.82;225.882;247.059;274.588
9.84;224.235;250.353;270.353
9.86;225.412;245.176;273.176
9.88;226.353;244.706;273.176
9.9;226.353;245.176;275.529
9.92;226.353;244.235;277.412
9.94;230.118;244.706;278.353
9.96;230.118;252.941;277.882
9.98;230.118;248.471;274.588
10;229.176;248.941;277.412
10.02;228.706;248.941;277.882
10.04;228.235;252.941;278.824
10.06;228.706;255.294;278.824
10.08;231.471;252.471;275.059
10.1;232.059;250.824;273.647
10.12;228.706;247.529;273.176
10.14;228.706;248;276.471
10.16;228.706;251.294;276.941
10.18;228.706;250.824;274.118
10.2;228.706;250.824;271.294
10.22;228.706;244.706;264.941
10.24;228.706;232;250.353
10.26;-999;228.235;245.176
10.28;-999;228.706;245.176
10.3;-999;230.588;244.706
10.32;221.882;238.353;251.765
10.34;231.059;243.765;260.471
10.36;236;254.824;266.353
10.38;248.941;260.941;278.353
10.4;251.294;265.882;282.824
10.42;264;275.529;288
10.44;-999;278.353;295.294
10.46;-999;288;301.647
10.48;-999;290.118;317.647
10.5;271.618;296.706;308.471
10.52;275;296.235;317.647
10.54;-999;310.824;320.471
10.56;-999;311.294;331.529
10.58;-999;315.294;337.412
10.6;-999;325.882;344.706
10.62;-999;337.882;355.765
10.64;-999;346.118;364.941
10.66;-999;352;373.176
10.68;-999;354.353;380
10.7;-999;353.882;380.941
10.72;-999;353.882;380.471
10.74;329.118;352.471;380.471
10.76;327.794;352.941;380.941
10.78;325.735;352.471;380.941
10.8;325.735;349.882;379.059
10.82;-999;352;377.882
10.84;-999;360.706;386.118
10.86;-999;365.882;388.235
10.88;-999;365.882;392.471
10.9;-999;358.118;377.882
10.92;-999;348.941;375.529
10.94;-999;345.176;367.765
10.96;-999;339.765;365.882
10.98;-999;332.941;360
11;-999;332;350.353
11.02;-999;330.118;345.647
11.04;-999;328.235;348
11.06;300;324.941;347.529
11.08;299.706;327.294;344.235
11.1;-999;327.294;348.471
11.12;-999;326.353;346.588
11.14;-999;325.412;348
11.16;-999;321.882;345.647
11.18;296.176;317.176;342.824
11.2;296.765;312.706;339.294
11.22;293.882;311.294;336.941
11.24;288.706;310.353;336.941
11.26;283.294;307.059;332.941
11.28;280.941;304.471;327.765
11.3;278.353;301.647;321.882
11.32;-999;295.765;319.529
11.34;-999;295.765;317.647
11.36;-999;291.529;317.176
11.38;-999;287.059;306.588
11.4;-999;283.765;301.647
11.42;-999;280.471;297.882
11.44;-999;278.824;298.353
11.46;-999;280;301.176
11.48;-999;281.882;300.706
11.5;-999;281.412;302.588
11.52;-999;281.412;306.588
11.54;266.824;282.353;313.176
11.56;269.176;288;316.706
11.58;268.235;289.647;316.706
11.6;268.235;290.118;316.706
11.62;272.235;292.941;315.294
11.64;272.235;293.882;311.294
11.66;272.235;289.176;310.824
11.68;272.647;290.588;311.294
11.7;277.353;294.824;314.118
11.72;283.676;299.294;324.471
11.74;284.118;302.588;324.941
11.76;280.471;304.941;329.176
11.78;279.529;305.882;332.471
11.8;279.529;307.529;333.647
11.82;283.765;308.941;335.529
11.84;289.647;315.294;336
11.86;291.529;320.471;340.706
11.88;293.412;322.824;348
11.9;300.706;324.471;352.471
11.92;308.471;328.706;357.647
11.94;311.294;330.588;361.647
11.96;320.941;342.353;361.647
11.98;323.294;347.059;380.941
12;329.647;350.824;384.235
12.02;334.118;353.412;386.118
12.04;337.882;359.059;388.235
12.06;340.235;362.118;385.647
12.08;340.235;361.176;377.882
12.1;336.471;357.647;373.647
12.12;330.588;350.824;371.294
12.14;328.235;349.882;371.294
12.16;327.294;344.706;370.353
12.18;324.471;344.706;367.294
12.2;321.412;342.824;363.059
12.22;318.588;341.176;363.059
12.24;321.882;340.235;363.059
12.26;317.647;337.882;364
12.28;309.412;337.882;364
12.3;304.941;336.941;362.118
12.32;307.529;328.706;355.765
12.34;300.235;320;349.882
12.36;295.294;319.059;349.882
12.38;285.647;311.294;336.941
12.4;278.824;302.588;327.294
12.42;272.235;292.471;322.824
12.44;268.706;289.176;319.059
12.46;266.353;287.529;316.235
12.48;263.529;284.235;311.294
12.5;259.059;280.941;308.941
12.52;257.176;277.882;305.882
12.54;256.235;276.941;305.412
12.56;256.706;277.412;303.059
12.58;260;280;305.882
12.6;261.647;282.353;308.941
12.62;261.647;283.765;309.412
12.64;263.059;285.647;310.824
12.66;265.882;287.059;311.765
12.68;269.647;288.706;314.118
12.7;270.353;291.059;318.118
12.72;270.353;294.353;320.941
12.74;-999;300.706;323.294
12.76;-999;303.059;329.647
12.78;-999;308.941;329.647
12.8;286.471;308.941;335.529
12.82;292.794;310.353;336.471
12.84;294.559;317.176;341.176
12.86;298.235;317.176;348.471
12.88;301.618;320;352
12.9;308.235;323.765;355.765
12.92;309.412;328.235;358.588
12.94;315.735;335.529;364
12.96;317.206;341.647;371.765
12.98;319.412;342.824;374.588
13;-999;342.824;375.059
13.02;-999;340.235;375.059
13.04;311.765;339.765;372.235
13.06;307.059;339.294;367.294
13.08;307.353;338.824;363.529
13.1;308.235;336.471;359.059
13.12;308.824;332.471;358.588
13.14;306.029;330.118;356.235
13.16;306.029;329.647;356.706
13.18;305.882;326.353;358.118
13.2;308.941;330.118;365.412
13.22;312.235;330.588;366.824
13.24;314.588;335.059;366.824
13.26;314.588;339.765;373.176
13.28;317.176;348.941;374.118
13.3;324.941;353.412;374.118
13.32;327.294;352.941;372.706
13.34;327.294;348.941;367.765
13.36;327.294;345.176;365.412
13.38;323.765;343.294;361.176
13.4;320.471;339.765;360
13.42;316.235;338.353;360
13.44;313.647;338.353;361.176
13.46;313.176;336.471;361.647
13.48;313.176;335.529;361.176
13.5;313.176;335.059;361.176
13.52;313.176;334.588;361.176
13.54;313.176;334.118;359.059
13.56;315.765;334.118;356.706
13.58;313.647;336;355.294
13.6;311.294;334.118;355.294
13.62;309.412;332.471;349.412
13.64;307.529;330.118;343.765
13.66;305.412;326.824;340.235
13.68;303.529;322.824;340.235
13.7;299.765;322.353;335.529
13.72;297.412;319.529;329.647
13.74;292.471;313.647;326.824
13.76;288.706;309.412;325.882
13.78;285.176;304.471;326.824
13.8;284.706;303.529;324.471
13.82;281.882;301.647;322.824
13.84;278.353;301.647;322.824
13.86;275.529;301.647;322.353
13.88;272.706;301.647;322.824
13.9;273.647;299.765;322.824
13.92;276.471;299.765;326.353
13.94;276.941;300.706;330.118
13.96;278.353;302.118;331.529
13.98;284.706;304;335.059
14;284.706;306.588;340.706
14.02;285.647;308.471;343.765
14.04;286.588;309.882;348.471
14.06;289.647;312.706;353.412
14.08;292.471;316.706;354.824
14.1;294.824;322.353;360.706
14.12;297.412;327.765;363.059
14.14;300.706;325.412;364.941
14.16;302.118;324.471;342.824
14.18;303.529;322.824;342.824
14.2;304.471;324.471;338.353
14.22;-999;328.235;341.647
14.24;-999;326.824;341.176
14.26;-999;325.412;341.647
14.28;-999;321.412;342.353
14.3;-999;320;341.647
14.32;-999;320;337.882
14.34;-999;313.647;336
14.36;-999;314.588;334.118
14.38;-999;317.176;334.588
14.4;-999;319.529;337.412
14.42;-999;325.412;337.412
14.44;-999;326.824;348.471
14.46;-999;329.647;348.941
14.48;-999;323.765;348.941
14.5;299.765;323.294;346.118
14.52;301.647;323.765;343.765
14.54;302.118;323.765;343.765
14.56;301.176;325.412;343.765
14.58;299.765;326.824;342.353
14.6;299.765;323.765;337.882
14.62;295.294;320.941;333.647
14.64;290.588;320.941;329.647
14.66;283.294;315.294;328.706
14.68;282.824;308;328.706
14.7;281.618;308;328.235
14.72;281.618;308;327.294
14.74;285.294;308;326.353
14.76;285.647;305.412;325.412
14.78;285.647;305.412;326.353
14.8;282.824;307.529;326.824
14.82;282.824;308.941;328.235
14.84;-999;313.971;332.353
14.86;-999;290.441;305.412
14.88;-999;293.676;307.059
14.9;-999;287.059;314.118
14.92;-999;294.824;320.471
14.94;284.235;298.824;324.471
14.96;284.235;302.588;325.882
14.98;283.765;304.941;325.412
15;287.059;302.118;324.471
15.02;289.647;302.588;321.882
15.04;286.118;302.588;320
15.06;285.647;302.118;320
15.08;279.529;296.235;316.706
15.1;275.059;295.765;316.706
15.12;277.412;298.824;319.059
15.14;282.824;299.765;321.412
15.16;287.059;304.559;321.882
15.18;292;308.235;318.588
15.2;296.235;310.294;327.794
15.22;-999;314.265;328.676
15.24;-999;311.765;325.735
15.26;-999;310;325.441
15.28;-999;313.088;329.118
15.3;-999;314.265;334.588
15.32;-999;315.765;339.294
15.34;295.294;314.118;342.824
15.36;295.294;314.118;336.941
15.38;295.294;315.765;336.941
15.4;295.294;318.118;337.412
15.42;296.235;319.059;338.824
15.44;299.765;319.529;341.647
15.46;310.353;323.294;345.647
15.48;307.059;324.471;346.588
15.5;307.059;331.529;347.059
15.52;313.971;363.059;374.588
15.54;325.147;358.588;373.176
15.56;327.794;352.941;369.412
15.58;325.735;348.941;362.118
15.6;321.882;344.235;360.706
15.62;316.235;339.294;358.588
15.64;309.882;337.882;352.941
15.66;302.118;336.471;355.294
15.68;301.176;334.118;349.412
15.7;301.176;326.353;350.824
15.72;301.176;325.882;356.706
15.74;301.176;327.765;358.588
15.76;303.529;330.118;358.588
15.78;306.588;330.588;357.647
15.8;308;332.471;355.765
15.82;311.765;333.647;353.882
15.84;313.176;332;350.824
15.86;308.471;331.529;348.941
15.88;303.529;331.529;346.588
15.9;299.294;325.412;346.118
15.92;294.353;317.647;337.882
15.94;286.118;308.941;325.882
15.96;278.353;307.059;323.294
15.98;277.412;304.941;323.294
16;276.941;300.706;328.235
16.02;276.941;303.059;329.176
16.04;278.353;303.059;328.235
16.06;285.647;307.059;327.294
16.08;285.647;306.588;327.765
16.1;288.706;306.588;328.706
16.12;290.588;305.882;329.647
16.14;291.529;309.412;329.647
16.16;289.647;310.824;333.647
16.18;291.059;310.824;336.941
16.2;292.471;315.294;342.353
16.22;296.235;317.176;345.647
16.24;296.706;318.588;347.059
16.26;302.118;320;352
16.28;303.059;321.412;352.941
16.3;304.941;323.765;353.412
16.32;307.529;327.765;357.176
16.34;308;328.706;358.588
16.36;308.941;328.235;354.824
16.38;309.412;329.647;354.824
16.4;310.824;332;355.294
16.42;311.765;333.647;355.294
16.44;310.824;333.647;354.824
16.46;310.353;332.941;355.294
16.48;310.353;337.882;359.529
16.5;313.647;338.824;361.176
16.52;317.176;339.765;366.353
16.54;321.882;340.706;371.294
16.56;325.412;342.353;368.706
16.58;325.882;346.588;368.235
16.6;327.765;348.471;373.647
16.62;331.059;351.529;376.941
16.64;332.941;353.412;379.529
16.66;337.882;354.353;382.824
16.68;339.294;359.059;387.059
16.7;339.765;359.059;387.765
16.72;338.353;359.059;386.588
16.74;332.471;359.529;385.176
16.76;330.588;357.647;381.412
16.78;329.176;356.235;380.471
16.8;335.529;354.824;380.941
16.82;334.118;354.824;380.471
16.84;332.941;354.824;377.412
16.86;332;356.706;376.471
16.88;332.941;356.706;377.412
16.9;332;353.882;380.471
16.92;331.529;353.882;380
16.94;336;358.588;389.176
16.96;336.941;362.588;392.471
16.98;333.647;364;390.118
17;332;365.882;388.706
17.02;332;361.176;385.176
17.04;332;357.647;381.882
17.06;332;356.706;382.353
17.08;331.059;355.765;380
17.1;330.118;355.765;377.412
17.12;329.647;355.765;376.471
17.14;325.882;356.235;376
17.16;325.412;352.941;375.059
17.18;323.765;349.882;369.882
17.2;320.471;344.235;367.294
17.22;315.765;342.824;365.882
17.24;316.235;342.353;365.882
17.26;315.294;339.765;363.059
17.28;315.765;338.353;362.588
17.3;310.353;338.824;362.588
17.32;305.882;329.176;353.412
17.34;299.765;323.765;343.765
17.36;291.529;315.294;335.529
17.38;288.706;308.471;330.588
17.4;286.118;304.471;328.235
17.42;282.824;303.529;326.353
17.44;282.353;303.529;326.824
17.46;282.353;304;329.647
17.48;277.412;301.647;331.059
17.5;277.412;301.647;325.412
17.52;277.412;306.588;321.882
17.54;276;304.941;318.118
17.56;270.353;301.176;316.235
17.58;267.765;299.294;315.765
17.6;265.412;296.235;315.294
17.62;265.412;294.824;315.294
17.64;266.824;296.235;316.706
17.66;268.235;298.824;316.706
17.68;269.176;296.706;318.588
17.7;271.765;295.765;322.353
17.72;272.706;296.235;322.824
17.74;272.706;296.235;322.824
17.76;276;297.412;327.294
17.78;282.353;306.588;328.235
17.8;284.706;307.059;328.235
17.82;289.647;310.824;329.647
17.84;293.882;313.647;333.647
17.86;294.824;315.765;337.882
17.88;294.824;314.588;341.647
17.9;295.765;314.118;342.824
17.92;301.647;317.176;344.706
17.94;307.529;322.824;348
17.96;308.471;329.647;352.471
17.98;312.706;331.529;357.176
18;317.176;335.529;360
18.02;317.176;341.176;363.529
18.04;320;342.353;367.765
18.06;322.824;346.588;370.824
18.08;322.353;345.647;375.059
18.1;334.118;350.824;377.412
18.12;335.059;353.412;379.059
18.14;334.588;357.647;379.529
18.16;334.118;358.588;378.588
18.18;330.118;359.059;376.941
18.2;326.353;358.118;376.941
18.22;324.941;353.412;374.588
18.24;322.824;345.647;372.235
18.26;318.118;345.647;366.353
18.28;317.176;339.765;366.353
18.3;317.647;339.294;363.059
18.32;321.412;343.294;363.059
18.34;319.059;343.765;364.941
18.36;318.118;340.706;364.941
18.38;317.647;340.706;367.765
18.4;318.588;341.176;385.176
18.42;318.118;365.412;386.588
18.44;318.118;364.941;388.235
18.46;346.118;365.882;388.235
18.48;346.118;364.941;389.176
18.5;315.294;359.059;389.176
18.52;319.529;365.882;391.529
18.54;324.941;364.941;391.529
18.56;329.647;384.706;393.882
18.58;337.412;384.706;397.882
18.6;350.824;384.706;398.824
18.62;352;383.765;399.765
18.64;362.118;380;400.706
18.66;359.529;380.941;400.706
18.68;360.706;381.882;422.353
18.7;358.588;382.824;407.529
18.72;353.882;382.353;409.882
18.74;353.882;383.294;411.765
18.76;352;383.294;407.529
18.78;349.412;379.059;407.059
18.8;345.176;371.294;398.353
18.82;341.176;370.353;394.353
18.84;340.706;372.706;397.412
18.86;337.882;368.706;392.941
18.88;333.647;362.118;392
18.9;330.118;356.706;385.176
18.92;326.824;352;376
18.94;326.353;350.824;370.824
18.96;324.471;347.059;370.824
18.98;322.353;344.706;365.412
19;322.824;340.706;353.412
19.02;322.353;337.412;355.294
19.04;315.765;332.941;352
19.06;311.294;329.647;352
19.08;308.941;330.118;349.882
19.1;306.588;329.176;348.471
19.12;304.941;327.765;348
19.14;301.647;325.412;342.353
19.16;295.765;320.471;334.588
19.18;292.941;316.706;331.529
19.2;290.118;309.882;331.059
19.22;293.412;309.882;332
19.24;293.412;314.588;333.647
19.26;300.706;320.471;336
19.28;304.941;322.824;337.882
19.3;309.882;323.294;342.353
19.32;313.176;328.706;342.824
19.34;317.176;330.118;346.588
19.36;317.647;330.588;346.588
19.38;317.647;332.471;346.118
19.4;-999;372.706;387.765
19.42;326.824;371.765;379.529
19.44;326.353;357.647;374.588
19.46;327.294;343.765;368.235
19.48;327.294;341.176;368.235
19.5;319.529;341.176;365.412
19.52;310.353;338.353;358.588
19.54;306.588;331.059;348.941
19.56;301.176;320.471;342.353
19.58;294.353;314.588;338.824
19.6;293.882;313.176;337.882
19.62;292.941;312.706;336
19.64;290.588;313.647;334.588
19.66;288;316.235;335.059
19.68;290.588;317.176;338.824
19.7;294.824;316.706;344.235
19.72;304.471;321.412;355.765
19.74;307.059;331.059;355.765
19.76;308.941;333.647;359.059
19.78;308.941;335.059;359.059
19.8;305.412;334.588;359.059
19.82;299.294;334.588;361.176
19.84;292;313.176;320.941
19.86;291.059;308;324.471
19.88;291.059;312.235;330.588
19.9;288.706;312.706;330.588
19.92;288;314.588;332.941
19.94;294.353;318.118;335.059
19.96;296.235;318.588;339.294
19.98;302.118;319.059;343.294
20;303.529;321.882;343.765
20.02;302.588;326.824;345.647
20.04;-999;333.647;343.765
20.06;-999;329.647;340.235
20.08;-999;327.765;339.765
20.1;-999;319.529;340.235
20.12;294.824;319.529;347.059
20.14;300.235;326.353;348.941
20.16;308;332.941;349.412
20.18;308.471;331.059;353.412
20.2;308.471;331.059;353.412
20.22;308.471;328.706;353.882
20.24;309.412;327.294;354.353
20.26;309.412;324.941;352.471
20.28;309.412;323.294;349.412
20.3;305.412;323.294;347.529
20.32;304.471;324.941;346.588
20.34;302.118;323.765;346.118
20.36;301.176;321.412;344.235
20.38;300.235;322.353;344.235
20.4;300.235;324.471;348.941
20.42;299.765;322.353;347.529
20.44;299.765;323.765;345.647
20.46;299.765;324.941;344.706
20.48;304;324.941;344.235
20.5;303.059;322.353;345.176
20.52;300.235;320;345.176
20.54;296.706;314.588;345.176
20.56;300.235;320;353.412
20.58;300.706;321.412;355.765
20.6;304.941;330.588;354.353
20.62;306.588;331.529;353.412
20.64;307.529;332;355.765
20.66;308;331.529;357.176
20.68;307.059;331.529;355.294
20.7;304.471;332.471;355.294
20.72;308;329.176;354.353
20.74;308.471;329.176;347.529
20.76;305.412;323.294;346.588
20.78;304.941;319.529;346.588
20.8;301.176;317.647;345.647
20.82;298.353;319.059;338.824
20.84;298.353;320;340.706
20.86;299.294;321.882;341.176
20.88;299.765;317.176;341.176
20.9;297.412;314.118;339.765
20.92;296.706;313.647;336.941
20.94;296.235;316.235;340.706
20.96;296.706;316.706;338.824
20.98;297.882;316.706;339.294
21;296.235;315.765;342.353
21.02;296.235;322.353;343.294
21.04;296.235;323.294;344.706
21.06;296.706;325.882;347.059
21.08;298.824;326.353;346.588
21.1;300.706;324.471;346.118
21.12;299.294;322.353;346.588
21.14;299.765;321.882;343.765
21.16;298.824;321.412;342.353
21.18;296.706;321.412;341.647
21.2;294.353;321.412;342.353
21.22;297.882;320.471;340.706
21.24;303.059;319.529;348.941
21.26;304;318.588;350.353
21.28;308.471;328.235;350.353
21.3;309.882;331.529;351.529
21.32;311.294;333.647;355.294
21.34;312.706;333.647;359.529
21.36;311.294;333.647;359.529
21.38;313.176;333.647;359.529
21.4;317.647;335.529;359.059
21.42;317.647;336;360.735
21.44;314.118;336.941;361.029
21.46;313.176;336.941;359.559
21.48;312.235;336.471;355
21.5;311.294;331.059;353.235
21.52;311.294;325.412;349.559
21.54;306.588;326.353;344.412
21.56;305.882;323.765;341.765
21.58;304;324.941;340.882
21.6;303.529;323.294;339.765
21.62;303.529;321.412;340.706
21.64;308;320.471;340.235
21.66;311.294;323.765;356.235
21.68;313.176;328.706;356.706
21.7;308.941;329.647;352.941
21.72;308;331.529;352.941
21.74;310.353;331.529;352.941
21.76;309.882;329.647;351.529
21.78;308.471;331.059;348.941
21.8;308.471;331.059;348.941
21.82;309.882;329.176;347.059
21.84;304.941;327.294;348
21.86;303.529;325.882;348.471
21.88;302.118;323.294;348
21.9;300.706;323.294;342.353
21.92;300.235;323.765;340.706
21.94;301.647;320.471;340.235
21.96;304.471;320;342.824
21.98;304.471;320.941;349.412
22;305.882;323.294;355.294
22.02;307.059;333.647;362.588
22.04;314.588;341.176;360
22.06;318.588;341.176;363.529
22.08;318.588;339.765;364.471
22.1;318.588;339.765;364.471
22.12;317.647;339.765;364.471
22.14;316.706;339.294;364.471
22.16;316.706;338.824;364.471
22.18;313.647;336.941;363.059
22.2;312.235;336.471;363.059
22.22;313.647;336.471;364.471
22.24;319.059;338.824;366.824
22.26;319.059;340.706;367.765
22.28;320.941;343.294;369.412
22.3;321.412;343.765;370.824
22.32;324.471;346.588;371.294
22.34;317.176;346.118;374.118
22.36;314.118;348;375.529
22.38;316.235;348.941;373.647
22.4;320;348.471;376
22.42;324.941;347.059;378.588
22.44;324.471;349.882;379.529
22.46;329.647;349.882;379.059
22.48;326.324;352.941;376
22.5;326.912;351.529;373.176
22.52;328.676;349.882;374.118
22.54;332.059;350.353;380.941
22.56;332.647;352;382.824
22.58;332.647;354.824;385.647
22.6;333.529;357.176;380.471
22.62;334.559;359.529;381.412
22.64;335.441;359.529;381.412
22.66;336.912;358.588;383.765
22.68;338.382;363.059;387.059
22.7;341.765;368.235;389.176
22.72;345;371.765;392
22.74;348.088;377.412;398.353
22.76;352.353;375.529;404
22.78;356.765;379.059;409.882
22.8;361.912;384.706;415.765
22.82;367.647;392.941;422.353
22.84;373.676;400.235;426.824
22.86;376.176;404;427.765
22.88;385.647;407.059;430.588
22.9;389.176;409.412;432
22.92;391.059;411.765;435.529
22.94;391.529;414.824;435.529
22.96;393.412;415.294;435.529
22.98;395.294;415.294;435.529
23;376.471;415.294;433.647
23.02;376.471;414.824;432
23.04;376.471;414.118;428.382
23.06;377.059;413.647;427.765
23.08;377.353;410.353;427.294
23.1;377.647;409.882;427.294
23.12;375.059;406.118;427.294
23.14;375.059;402.588;426.824
23.16;370.353;398.824;421.412
23.18;368.382;398.824;418.118
23.2;365.882;397.882;416.706
23.22;361.618;393.412;413.647
23.24;357.206;390.588;411.765
23.26;352.059;388.706;411.294
23.28;347.794;387.765;411.294
23.3;347.5;387.059;410.353
23.32;345;383.382;410.353
23.34;343.235;368.971;410.353
23.36;341.765;362.206;409.412
23.38;340.588;359.265;374.706
23.4;340.588;357.206;372.206
23.42;340.588;357.206;370.441
23.44;340.588;357.206;370.147
23.46;340.588;357.206;369.853
23.48;341.765;357.206;370.441
23.5;341.471;357.206;371.618
23.52;341.176;361.324;375
23.54;341.176;365.588;382.206
23.56;341.176;363.529;377.647
23.58;341.765;360.735;377.353
23.6;342.353;358.971;375.588
23.62;342.647;358.971;374.706
23.64;342.647;359.853;375.294
23.66;343.235;361.618;376.765
23.68;342.059;362.941;378.824
23.7;345.647;364.412;381.618
23.72;348.471;370.441;401.176
23.74;346.588;374.412;401.176
23.76;345.647;375.529;398.824
23.78;343.765;371.765;398.824
23.8;343.294;371.294;398.824
23.82;339.765;371.294;398.824
23.84;339.294;372.706;398.824
23.86;339.765;374.588;398.824
23.88;341.176;376.471;398.824
23.9;343.294;376.471;398.824
23.92;346.118;376.471;398.824
23.94;348;377.412;398.824
23.96;350.824;377.882;398.824
23.98;353.882;377.882;398.824
24;356.235;376.471;400.706
24.02;356.706;375.059;401.176
24.04;354.824;374.118;399.294
24.06;353.882;373.176;396.471
24.08;351.529;372.235;396.471
24.1;350.824;372.235;393.412
24.12;350.353;372.706;392.471
24.14;350.353;371.294;393.882
24.16;350.353;370.824;396.471
24.18;349.412;370.824;397.412
24.2;348.676;370.824;398.353
24.22;344.412;370.824;394.353
24.24;346.029;370.824;394.353
24.26;346.029;370.824;396.941
24.28;345.588;371.294;398.353
24.3;345.588;371.765;393.882
24.32;344.706;372.706;394.353
24.34;344.706;372.706;394.353
24.36;344.706;372.706;392
24.38;344.706;370.824;390.118
24.4;342.647;368.235;388.235
24.42;342.059;365.412;385.176
24.44;340.882;364.941;380.471
24.46;339.265;364;380.471
24.48;337.794;360.706;380.471
24.5;331.176;359.529;380.471
24.52;331.176;359.529;380.471
24.54;331.176;358.588;380.471
24.56;331.471;358.118;380.471
24.58;333.529;358.118;381.412
24.6;337.206;359.059;382.353
24.62;342.824;360.706;383.765
24.64;344.706;361.647;386.118
24.66;345.176;363.059;387.059
24.68;345.647;364.941;387.765
24.7;346.118;367.765;388.235
24.72;347.059;368.235;389.176
24.74;347.059;367.294;391.059
24.76;347.529;367.294;394.353
24.78;348.471;366.824;395.765
24.8;348.471;369.882;396.471
24.82;349.882;371.765;398.353
24.84;350.824;373.176;398.353
24.86;352.471;374.118;401.647
24.88;353.882;374.588;403.059
24.9;356.235;376.941;403.529
24.92;360.147;380;406.118
24.94;362.941;382.824;408
24.96;365.294;384.706;410.353
24.98;366.176;385.647;411.294
25;367.059;386.588;412.706
25.02;367.059;389.176;415.294
25.04;367.941;390.118;415.765
25.06;368.676;391.059;417.176
25.08;369.265;391.529;418.118
25.1;367.059;395.765;420
25.12;370.824;397.412;420
25.14;371.294;401.176;424.941
25.16;380.941;403.059;428.706
25.18;383.765;403.529;432.706
25.2;385.176;403.059;434.118
25.22;387.059;403.059;434.118
25.24;388.706;404;434.588
25.26;392;407.529;434.588
25.28;393.882;409.882;436
25.3;393.882;410.353;436
25.32;392.941;409.882;436
25.34;392;409.882;436
25.36;392;410.353;436
25.38;394.824;411.765;436
25.4;394.824;409.412;436
25.42;394.353;410.353;437.412
25.44;393.412;412.235;437.882
25.46;394.824;410.824;435.529
25.48;390.588;408.941;436.471
25.5;391.059;408.941;436.471
25.52;391.529;408.941;436.471
25.54;392.941;409.882;436.941
25.56;393.882;410.824;436.941
25.58;394.353;410.824;436.941
25.6;394.353;411.294;436.941
25.62;394.353;412.235;436.471
25.64;392.941;412.706;436.471
25.66;392.941;414.118;436.471
25.68;392.941;414.118;436
25.7;392.941;414.118;436
25.72;392;414.118;436
25.74;390.588;414.118;435.059
25.76;390.118;413.647;435.059
25.78;391.059;412.235;435.059
25.8;392;411.294;434.588
25.82;392.941;411.765;433.176
25.84;392;412.706;433.176
25.86;391.059;412.706;432
25.88;390.588;411.765;433.647
25.9;390;411.294;432.706
25.92;387.647;411.294;431.529
25.94;384.265;409.882;431.529
25.96;383.088;410.353;431.529
25.98;381.912;410.824;430.588
26;381.618;410.824;429.176
26.02;383.676;410.353;428.706
26.04;385.882;409.882;429.647
26.06;386.176;409.882;431.529
26.08;386.471;409.412;431.529
26.1;386.765;407.529;430.118
26.12;385.294;407.529;428.706
26.14;385.294;406.118;425.882
26.16;383.088;405.647;425.882
26.18;380.735;404.471;425.882
26.2;377.059;402.118;425.882
26.22;375.882;402.118;425.882
26.24;375.882;402.118;425.412
26.26;376.471;401.176;424.941
26.28;376.471;400.235;424.471
26.3;375.059;398.353;424
26.32;375.059;397.412;421.882
26.34;375.059;395.765;419.529
26.36;374.588;394.353;419.059
26.38;374.118;394.353;423.529
26.4;373.647;393.882;423.529
26.42;373.647;393.412;421.882
26.44;374.588;391.529;419.529
26.46;374.118;390.118;418.118
26.48;371.294;388.706;412.235
26.5;368.706;386.588;406.588
26.52;368.235;385.176;401.647
26.54;368.235;384.235;399.294
26.56;368.235;383.294;399.294
26.58;367.765;381.412;399.294
26.6;366.353;379.529;400.235
26.62;364;379.059;402.588
26.64;363.059;378.588;409.412
26.66;363.059;378.588;417.647
26.68;363.529;378.588;423.529
26.7;363.059;380;423.529
26.72;362.588;384.235;418.588
26.74;363.059;384.235;418.588
26.76;364.941;384.235;417.647
26.78;364.941;384.235;413.647
26.8;364.471;384.235;409.412
26.82;361.647;383.765;409.412
26.84;360.706;383.765;402.588
26.86;360.706;383.765;402.588
26.88;362.118;383.765;403.059
26.9;363.059;384.235;403.059
26.92;363.059;384.235;403.059
26.94;364;384.235;403.529
26.96;364.941;383.765;404
26.98;364.941;381.412;404.471
27;364.941;378.588;405.647
27.02;362.588;378.588;405.647
27.04;360.706;379.059;401.176
27.06;354.353;379.059;400.235
27.08;351.529;376.471;398.824
27.1;350.353;372.235;398.824
27.12;350.353;367.765;395.765
27.14;350.353;364.941;394.353
27.16;345.647;366.353;392.941
27.18;348.471;367.294;393.412
27.2;348.471;367.765;394.824
27.22;348.941;368.706;394.824
27.24;349.412;369.882;394.824
27.26;350.353;369.882;394.353
27.28;350.824;369.882;394.353
27.3;352.471;369.882;394.824
27.32;352.941;370.353;395.294
27.34;353.882;372.235;396.471
27.36;354.353;372.235;397.412
27.38;353.412;370.824;397.882
27.4;353.412;371.294;399.294
27.42;353.882;374.588;400.706
27.44;357.176;377.412;401.647
27.46;360.706;377.882;406.118
27.48;365.882;380.471;411.294
27.5;370.824;387.059;410.824
27.52;377.412;389.176;420
27.54;376.941;392.941;425.412
27.56;377.882;398.353;427.765
27.58;383.765;398.824;427.765
27.6;388.706;402.588;430.118
27.62;392;404.941;435.059
27.64;392;414.824;437.882
27.66;392;415.765;439.765
27.68;392;415.765;442.353
27.7;391.529;415.294;441.882
27.72;391.529;415.294;441.412
27.74;392.941;415.294;441.412
27.76;394.824;414.824;442.353
27.78;394.824;414.118;441.882
27.8;395.294;414.118;440.235
27.82;395.765;414.118;440.235
27.84;395.765;414.118;438.824
27.86;398.824;415.765;438.824
27.88;398.353;414.118;438.824
27.9;396.941;414.118;438.353
27.92;395.765;414.118;438.353
27.94;394.824;414.118;437.412
27.96;396.471;413.176;436.941
27.98;396.471;413.176;436.941
28;396.471;413.176;437.882
28.02;396.471;412.706;437.882
28.04;396.471;412.706;437.882
28.06;395.765;412.706;436.941
28.08;395.294;412.235;436
28.1;394.824;411.294;434.588
28.12;393.882;410.824;432.706
28.14;391.059;408.941;426.353
28.16;387.059;404.941;424.471
28.18;383.294;400.706;424.471
28.2;382.353;402.588;429.647
28.22;378.588;399.294;430.588
28.24;377.412;396.471;431.059
28.26;377.412;395.294;431.059
28.28;378.588;395.765;430.588
28.3;378.588;395.294;428.706
28.32;376.941;392.941;426.824
28.34;373.176;391.059;423.529
28.36;368.706;389.176;419.529
28.38;364.941;386.588;415.765
28.4;362.118;385.647;412.706
28.42;362.118;384.235;408.471
28.44;359.529;384.235;407.529
28.46;355.765;379.529;403.059
28.48;350.824;380;399.765
28.5;347.059;379.529;396.941
28.52;340.294;375.059;394.824
28.54;339.265;375.059;395.765
28.56;336.618;373.176;396.471
28.58;336.618;373.176;397.412
28.6;337.5;373.647;397.412
28.62;338.971;374.118;397.412
28.64;342.941;375.059;397.882
28.66;345.588;375.529;399.765
28.68;347.794;376.471;401.647
28.7;348.382;376;403.059
28.72;348.382;375.529;402.118
28.74;348.382;376.471;402.118
28.76;348.676;377.882;404.471
28.78;351.471;380;408
28.8;353.529;381.412;409.882
28.82;357.206;383.294;410.353
28.84;362.588;383.765;409.882
28.86;363.059;385.647;414.118
28.88;366.353;388.706;414.118
28.9;366.824;389.176;417.176
28.92;368.235;390.118;420.941
28.94;368.706;390.588;422.824
28.96;369.882;396.471;424.471
28.98;369.882;400.706;425.412
29;369.882;404.941;425.882
29.02;370.353;406.588;426.353
29.04;371.765;408;426.353
29.06;373.176;408.471;425.882
29.08;374.118;408.471;425.882
29.1;374.588;400.235;425.882
29.12;373.647;398.824;425.412
29.14;370.353;395.765;425.412
29.16;372.235;395.294;424.941
29.18;372.235;395.294;424
29.2;374.588;395.294;423.529
29.22;376;396.471;423.529
29.24;376;394.353;423.529
29.26;375.059;393.412;423.529
29.28;375.059;393.412;422.824
29.3;375.529;394.353;421.882
29.32;376.471;395.294;421.882
29.34;377.882;398.353;421.882
29.36;380.471;399.765;423.529
29.38;381.882;400.235;424
29.4;382.353;401.647;426.824
29.42;383.294;403.059;429.647
29.44;384.235;405.647;433.176
29.46;385.647;406.588;436
29.48;390.588;408.941;440.706
29.5;392.941;409.882;444.235
29.52;394.824;416.706;446.118
29.54;395.294;416.706;447.059
29.56;395.765;419.529;446.588
29.58;397.882;420.471;445.647
29.6;397.882;421.882;445.176
29.62;397.412;421.882;444.235
29.64;396.471;421.412;443.765
29.66;397.412;420;442.824
29.68;398.353;419.059;440.706
29.7;403.059;418.588;439.294
29.72;402.588;418.588;438.353
29.74;400.235;418.588;437.412
29.76;399.765;418.118;436
29.78;396.941;416.235;435.059
29.8;393.088;413.176;434.118
29.82;390.588;408.941;433.647
29.84;387.647;407.529;431.529
29.86;383.971;407.529;429.176
29.88;381.324;408.471;428.235
29.9;378.824;408.471;427.765
29.92;376.176;407.529;426.824
29.94;373.676;406.588;427.765
29.96;371.029;407.529;429.176
29.98;365.294;408.941;425.882
30;365;384.265;414.118
30.02;363.529;384.265;405.647
30.04;363.529;386.471;403.529
30.06;363.824;386.471;401.176
30.08;363.824;385.294;399.765
30.1;363.235;385.294;399.765
30.12;362.941;384.559;399.765
30.14;362.5;384.559;399.765
30.16;361.618;385.294;399.294
30.18;361.029;385.882;399.765
30.2;362.206;385.882;400.235
30.22;363.529;385.882;401.647
30.24;364.118;385.882;403.059
30.26;364.412;386.176;402.794
30.28;364.706;386.765;401.471
30.3;366.176;386.471;400.588
30.32;368.676;386.765;402.794
30.34;368.382;387.059;402.794
30.36;367.059;389.412;405.441
30.38;367.941;391.324;430.118
30.4;368.971;393.676;430.118
30.42;369.853;396.029;430.118
30.44;369.853;399.118;431.529
30.46;370.735;400.294;433.647
30.48;371.912;400.882;434.118
30.5;373.382;399.706;434.118
30.52;373.676;397.941;433.176
30.54;373.676;397.059;432.706
30.56;373.088;396.029;432
30.58;370.441;392.206;432
30.6;367.941;389.412;405.735
30.62;366.765;385.882;403.088
30.64;367.353;382.5;399.118
30.66;367.941;382.794;399.412
30.68;368.676;383.971;400
30.7;366.765;389.412;427.765
30.72;369.853;390.588;427.294
30.74;370.353;390.588;426.353
30.76;367.294;389.647;410.824
30.78;365.412;383.765;407.529
30.8;364;377.412;404
30.82;362.118;376;400.706
30.84;359.059;375.059;396.471
30.86;354.824;372.235;392
30.88;352;369.882;390.588
30.9;348;365.412;389.176
30.92;344.706;361.647;388.706
30.94;339.765;361.176;387.059
30.96;336;360.706;386.118
30.98;336;361.176;384.706
31;336;357.647;383.765
31.02;336.471;355.294;384.235
31.04;333.647;354.353;383.294
31.06;334.588;354.353;383.294
31.08;335.529;353.412;382.824
31.1;336.471;353.412;380
31.12;336.941;352.941;379.059
31.14;338.353;352.471;379.529
31.16;338.353;352.471;382.824
31.18;338.353;352.941;384.706
31.2;338.824;354.824;385.647
31.22;339.294;357.647;385.647
31.24;341.647;359.059;385.647
31.26;345.647;358.118;387.059
31.28;346.588;358.118;390.118
31.3;349.412;360.706;392.941
31.32;353.412;364;394.824
31.34;355.294;367.765;394.353
31.36;356.235;372.235;394.353
31.38;357.176;376;397.882
31.4;360;380.471;402.118
31.42;366.353;383.765;402.118
31.44;369.412;386.118;404
31.46;367.765;385.647;408
31.48;367.294;383.765;408.471
31.5;359.529;383.765;411.294
31.52;359.059;383.765;411.294
31.54;358.588;383.765;409.412
31.56;358.588;382.824;405.647
31.58;358.588;382.824;403.529
31.6;358.588;381.412;403.529
31.62;355.294;379.059;403.059
31.64;354.824;377.882;401.176
31.66;353.412;376.941;400.235
31.68;351.529;374.588;398.824
31.7;349.412;371.765;397.412
31.72;349.412;370.353;394.824
31.74;350.353;370.353;392.941
31.76;352.471;371.294;392.941
31.78;352.471;372.706;393.412
31.8;350.353;374.118;393.412
31.82;352.941;375.059;396.941
31.84;352.941;371.765;398.353
31.86;352.941;371.765;402.118
31.88;353.412;371.765;405.647
31.9;353.882;373.176;407.059
31.92;355.294;377.412;408
31.94;359.059;381.412;411.765
31.96;364.471;383.294;415.765
31.98;369.412;385.647;418.118
32;373.176;390.588;424.941
32.02;373.647;395.765;426.824
32.04;376.941;396.941;426.824
32.06;380;398.353;427.765
32.08;382.353;400.706;429.647
32.1;384.235;402.588;430.588
32.12;386.118;405.647;431.059
32.14;387.765;408;430.588
32.16;390.118;408;429.647
32.18;392;410.353;430.118
32.2;392;410.353;432
32.22;392;410.824;433.176
32.24;392.941;413.647;433.647
32.26;393.882;415.294;432
32.28;395.765;415.765;432
32.3;396.941;415.765;432.706
32.32;397.882;414.118;433.647
32.34;398.353;414.118;435.059
32.36;399.294;414.118;432.706
32.38;399.294;414.118;430.588
32.4;399.294;414.824;430.588
32.42;399.294;415.294;430.588
32.44;398.824;416.235;430.118
32.46;398.353;416.706;430.118
32.48;396.941;415.765;430.588
32.5;395.294;414.118;431.529
32.52;395.294;414.824;433.647
32.54;395.765;414.824;432
32.56;396.471;415.294;432
32.58;397.412;415.294;432
32.6;398.353;415.294;432
32.62;395.294;413.647;432
32.64;392;410.824;430.588
32.66;388.235;407.059;428.706
32.68;384.706;405.647;427.765
32.7;381.882;404;425.882
32.72;380;401.176;425.412
32.74;377.412;398.824;425.412
32.76;375.529;395.294;425.412
32.78;373.647;393.412;424
32.8;373.647;393.412;422.353
32.82;373.176;393.412;422.353
32.84;370.824;393.882;422.353
32.86;370.824;393.412;422.353
32.88;372.235;393.412;422.353
32.9;373.176;394.353;423.529
32.92;373.647;394.824;425.412
32.94;374.118;394.353;425.412
32.96;371.294;391.059;427.294
32.98;370.824;387.059;424.471
33;370.353;384.706;424
33.02;370.353;384.235;424.471
33.04;370.353;383.765;427.765
33.06;370.353;384.235;430.588
33.08;371.294;386.118;430.588
33.1;374.118;390.588;431.529
33.12;376.941;396.941;433.647
33.14;377.882;402.588;435.059
33.16;379.529;404.941;435.059
33.18;381.882;407.059;435.059
33.2;385.176;408.471;435.059
33.22;389.647;408.941;433.647
33.24;389.647;409.882;432
33.26;390.588;410.824;434.118
33.28;391.059;410.824;436
33.3;392;410.824;437.882
33.32;394.353;411.765;437.882
33.34;394.353;411.765;435.059
33.36;393.882;411.294;436.471
33.38;393.412;411.294;436.471
33.4;393.412;411.294;436.471
33.42;393.412;411.294;436.471
33.44;395.294;411.765;436
33.46;395.294;410.824;435.529
33.48;393.882;410.353;434.118
33.5;393.882;409.882;434.118
33.52;393.882;409.882;434.118
33.54;393.882;409.412;434.588
33.56;394.353;409.412;434.588
33.58;392.471;409.412;434.118
33.6;389.647;409.882;433.176
33.62;387.765;406.588;432
33.64;385.176;408;432
33.66;385.176;404.941;432
33.68;385.647;404.941;429.176
33.7;383.294;404.941;429.647
33.72;382.824;404.941;429.647
33.74;382.824;405.647;428.706
33.76;382.824;405.647;427.294
33.78;383.765;405.647;426.353
33.8;384.706;404;426.824
33.82;384.706;403.529;429.176
33.84;384.706;403.529;429.176
33.86;384.235;403.529;428.706
33.88;383.294;403.059;428.235
33.9;382.353;402.588;425.412
33.92;380.471;402.588;421.882
33.94;379.059;399.765;418.588
33.96;377.882;396.941;416.235
33.98;375.529;395.765;415.294
34;373.647;393.412;413.647
34.02;371.765;391.059;414.118
34.04;368.706;388.706;415.765
34.06;366.353;387.059;415.765
34.08;368.235;387.059;414.824
34.1;369.412;387.059;417.647
34.12;369.412;387.059;412.235
34.14;370.824;389.176;411.765
34.16;371.294;389.647;411.765
34.18;371.294;389.647;411.765
34.2;371.294;389.176;411.765
34.22;371.294;389.176;413.647
34.24;372.235;389.176;416.235
34.26;372.235;389.176;410.824
34.28;372.235;388.706;408
34.3;371.765;386.588;406.588
34.32;369.882;386.588;406.588
34.34;366.824;386.588;406.588
34.36;366.353;388.235;409.412
34.38;366.824;388.235;410.824
34.4;366.824;385.176;411.765
34.42;364.941;384.706;412.235
34.44;366.353;387.059;415.294
34.46;367.765;390.588;415.294
34.48;369.412;390.588;415.294
34.5;369.412;391.059;415.294
34.52;370.353;391.059;415.765
34.54;370.353;391.529;416.706
34.56;367.765;391.529;417.647
34.58;366.353;387.765;418.118
34.6;364.941;383.294;411.294
34.62;363.529;380;408.471
34.64;361.176;380;405.647
34.66;359.529;380.941;404.941
34.68;359.059;383.294;404.941
34.7;360.706;383.765;406.588
34.72;361.647;382.353;402.588
34.74;361.176;382.353;401.176
34.76;360.706;382.824;402.118
34.78;360;382.824;403.059
34.8;359.529;382.353;402.118
34.82;356.706;380.941;402.118
34.84;354.353;379.529;401.176
34.86;353.412;375.529;396.765
34.88;350.824;372.235;394.265
34.9;345.176;371.765;389.412
34.92;345.176;369.412;386.765
34.94;346.118;369.882;383.765
34.96;346.588;369.882;381.882
34.98;346.588;363.059;380.941
35;346.588;360;380
35.02;344.235;359.529;376.941
35.04;342.353;359.059;374.588
35.06;339.294;357.647;373.647
35.08;335.059;355.765;372.706
35.1;330.588;355.294;370.353
35.12;328.706;352;368.235
35.14;328.235;348;365.412
35.16;325.412;345.176;364.941
35.18;320.941;342.824;364
35.2;318.118;340.706;362.588
35.22;316.706;340.706;363.059
35.24;316.235;340.706;362.118
35.26;316.235;341.176;365.882
35.28;318.118;342.353;367.765
35.3;322.353;344.706;370.353
35.32;324.471;347.059;372.706
35.34;324.941;349.882;376
35.36;324.471;351.529;380.471
35.38;327.765;352.471;382.824
35.4;331.059;354.353;384.235
35.42;337.412;358.118;388.706
35.44;340.706;363.059;393.412
35.46;345.176;366.824;397.412
35.48;347.059;369.412;401.176
35.5;348.941;373.647;404.941
35.52;353.882;385.176;408.471
35.54;354.118;389.647;410.824
35.56;354.118;393.412;412.706
35.58;358.382;393.882;414.118
35.6;361.912;393.882;417.647
35.62;366.471;392.471;419.529
35.64;370.441;395.765;420.941
35.66;372.5;396.471;421.882
35.68;375;401.176;423.529
35.7;376.176;402.588;424.471
35.72;378.824;405.647;426.824
35.74;385.176;408;428.706
35.76;389.176;409.412;432
35.78;392.471;410.353;434.118
35.8;394.353;409.882;434.588
35.82;395.765;409.882;435.059
35.84;396.471;409.882;435.059
35.86;394.824;410.353;435.059
35.88;394.353;411.765;435.059
35.9;394.353;411.765;435.059
35.92;394.353;411.765;432.706
35.94;392;410.824;432
35.96;394.353;411.765;432.706
35.98;395.765;412.235;433.647
36;395.294;412.235;433.647
36.02;395.294;412.235;434.118
36.04;395.294;412.235;434.118
36.06;395.765;412.235;433.647
36.08;395.765;411.294;432.706
36.1;395.765;408;432
36.12;392.941;407.529;431.529
36.14;389.647;408.941;431.059
36.16;388.706;410.353;430.588
36.18;388.706;410.824;430.118
36.2;388.235;408.941;429.176
36.22;388.235;407.529;428.235
36.24;387.765;407.059;428.235
36.26;387.059;406.588;428.235
36.28;384.706;407.529;427.765
36.3;386.588;407.529;427.294
36.32;387.059;407.529;429.176
36.34;387.059;407.529;429.176
36.36;387.059;407.529;429.176
36.38;386.588;407.529;429.176
36.4;385.647;407.059;429.176
36.42;385.176;407.059;429.176
36.44;387.765;407.059;429.176
36.46;389.176;406.588;429.176
36.48;390.588;406.118;429.176
36.5;390.588;408.471;430.118
36.52;392;408.471;432
36.54;391.529;408.471;432
36.56;390.588;409.412;432
36.58;390.118;409.412;429.647
36.6;388.706;407.529;429.176
36.62;388.235;407.059;431.059
36.64;386.588;406.118;430.118
36.66;386.588;406.118;430.118
36.68;386.588;405.647;430.118
36.7;386.588;405.647;430.118
36.72;390.588;406.118;430.118
36.74;390.588;408.941;430.118
36.76;390.588;408.941;431.059
36.78;391.529;409.412;431.529
36.8;391.529;409.882;431.529
36.82;392;410.824;430.588
36.84;392;411.294;430.588
36.86;391.529;411.294;430.588
36.88;390.588;410.824;433.647
36.9;390.118;410.353;433.647
36.92;388.706;410.824;433.647
36.94;391.059;411.294;433.647
36.96;388.235;412.706;436
36.98;391.529;410.824;437.882
37;391.529;410.353;438.353
37.02;391.529;410.353;438.353
37.04;389.176;411.294;438.824
37.06;388.706;411.765;436.941
37.08;389.647;413.176;437.412
37.1;389.647;411.765;439.294
37.12;390.588;411.294;435.059
37.14;389.176;413.176;433.647
37.16;390.588;412.706;436.471
37.18;393.882;410.353;436
37.2;394.353;410.353;437.882
37.22;392.471;410.824;435.059
37.24;392.941;411.294;435.529
37.26;394.824;411.765;435.529
37.28;395.294;412.235;435.529
37.3;394.353;413.647;435.529
37.32;392.941;411.765;436.941
37.34;392.471;412.235;439.294
37.36;394.824;413.176;439.294
37.38;394.353;415.765;438.824
37.4;392.941;414.824;438.353
37.42;394.353;414.118;437.412
37.44;392.471;415.765;436
37.46;396.471;415.765;436
37.48;397.412;412.706;435.529
37.5;394.824;414.824;434.588
37.52;393.882;412.706;432
37.54;392.941;413.176;431.529
37.56;392;413.176;430.588
37.58;388.235;411.294;427.294
37.6;387.765;406.588;426.824
37.62;384.235;405.647;418.588
37.64;377.882;398.353;413.176
37.66;374.118;391.059;407.529
37.68;364.941;383.294;397.412
37.7;359.529;375.529;390.588
37.72;348.471;370.353;383.765
37.74;339.765;364;376.941
37.76;335.059;354.353;365.882
37.78;329.647;350.353;361.176
37.8;321.412;339.294;356.235
37.82;314.118;334.118;348.941
37.84;308;326.824;344.706
37.86;304;320.471;336
37.88;298.353;319.059;332.471
37.9;292.941;311.294;328.235
37.92;288;311.765;323.294
37.94;286.588;304.471;320
37.96;282.353;299.765;317.647
37.98;277.412;298.824;317.647
38;278.824;296.235;316.235
38.02;277.882;298.353;313.176
38.04;275.059;296.706;309.882
38.06;266.824;290.588;309.882
38.08;262.588;287.059;308.941
38.1;260.471;284.706;304.941
38.12;260;280.471;302.118
38.14;258.588;278.824;297.882
38.16;257.176;277.882;297.882
38.18;257.176;275.059;299.765
38.2;258.588;274.118;303.529
38.22;258.588;275.059;304
38.24;259.059;276;304.941
38.26;263.059;280;304.941
38.28;268.235;285.176;305.412
38.3;272.235;291.529;310.824
38.32;276.941;296.235;315.765
38.34;278.824;298.824;329.647
38.36;286.118;304.941;330.588
38.38;286.118;308.941;334.118
38.4;288;311.765;336.471
38.42;289.176;314.588;337.882
38.44;290.588;316.235;337.882
38.46;290.118;317.176;337.412
38.48;289.647;312.706;335.059
38.5;287.529;309.882;332
38.52;287.529;310.353;333.647
38.54;285.647;310.353;333.647
38.56;290.118;308.941;332.941
38.58;290.118;307.059;330.588
38.6;288.706;308;324.941
38.62;287.529;304.941;324.941
38.64;288;301.647;324.941
38.66;286.588;298.824;324.941
38.68;285.176;297.412;323.765
